# Four FULL Google News feeds, captured 2026-09-13 through the relay
# (task churn-sample, run 34779657967). The sandbox is refused news.google.com.
#
# symbol \t publisher label \t link host \t title (with its " - Publisher" suffix)
#
# 353 items: MU 100, BRK-B 100, CYRX 53, JPM 100.
#
# THE LINK HOST IS news.google.com ON EVERY ROW, and that is a finding rather
# than a capture bug: Google News wraps every link, so the publisher's domain is
# NOT available to a classifier. A per-domain cap -- one of the two rules
# considered -- would have been capping a single host covering the whole feed.
# Only the <source> label and the title carry publisher information.
#
# Used by scripts/check-filing-churn.mjs. Dumped verbatim; every judgement
# about it is made offline, per the standing probe rule.
===== MU :: "Micron Technology" stock
===== HTTP 200
===== items in feed: 100
MU	Yahoo Finance	news.google.com	Will Micron Technology Stock Soar to $1,500 After Sept. 30? - Yahoo Finance
MU	The Motley Fool	news.google.com	Broadcom vs. Micron Technology: Which Technology Stock Is a Better Buy in 2026? - The Motley Fool
MU	Benzinga	news.google.com	What's Going On With Micron Technology Stock Thursday? - Benzinga
MU	Yahoo Finance	news.google.com	Is Micron Stock the Next Nvidia? The Answer May Shock Investors. - Yahoo Finance
MU	Yahoo Finance	news.google.com	Where Will Micron Be in 10 Years? - Yahoo Finance
MU	Yahoo Finance	news.google.com	Micron Is Down 19% From Its High. History Suggests a $5,000 Investment Today Could Be Worth This Much by 2030. - Yahoo Finance
MU	Currently.com	news.google.com	Why Micron Stock Just Sank - Currently.com
MU	The Motley Fool	news.google.com	Why Micron Stock Just Sank - The Motley Fool
MU	moomoo.com	news.google.com	Micron Technology Stock (MU) Opinions on AI Memory Demand and Price Volatility - moomoo.com
MU	Benzinga	news.google.com	Micron Stock Has Stalled, But One Catalyst Could Bring the Momentum Back - Benzinga
MU	Yahoo Finance	news.google.com	Broadcom vs. Micron Technology: Which Technology Stock Is a Better Buy in 2026? - Yahoo Finance
MU	The Motley Fool	news.google.com	Prediction: This Memory Stock Could Surge 233% Over the Next 3 Years (Hint: It's not Micron or Sandisk) - The Motley Fool
MU	Yahoo Finance	news.google.com	Why Micron Technology Stock Surged 16.5% Last Month - Yahoo Finance
MU	The Motley Fool	news.google.com	Applied Materials vs. Micron Technology: Which Technology Stock Is a Better Buy in 2026? - The Motley Fool
MU	Yahoo Finance	news.google.com	Prediction: This AI Stock Could Be the Next One to Shock Wall Street - Yahoo Finance
MU	The Motley Fool	news.google.com	Prediction: This Artificial Intelligence (AI) Chip Stock Will Soar After Sept. 30 (Hint: It's Not Micron) - The Motley Fool
MU	Yahoo Finance	news.google.com	Is Micron Technology Stock Running Out of Steam? - Yahoo Finance
MU	Yahoo Finance	news.google.com	Micron Technology Stock Has Stumbled, but Here's Why I'm Not Buying the Dip - Yahoo Finance
MU	The Motley Fool	news.google.com	Why Micron Technology Stock Surged 16.5% Last Month - The Motley Fool
MU	The Motley Fool	news.google.com	Prediction: Micron Stock Could Turn $10,000 Into a Much Larger Sum by 2030 - The Motley Fool
MU	The Motley Fool	news.google.com	Where Will Micron Be in 10 Years? - The Motley Fool
MU	The Motley Fool	news.google.com	Is Micron Technology Stock Running Out of Steam? - The Motley Fool
MU	The Motley Fool	news.google.com	Micron Technology Stock Has Stumbled, but Here's Why I'm Not Buying the Dip - The Motley Fool
MU	Yahoo Finance	news.google.com	Micron, Sandisk and the Next Leg Higher in Memory Stocks - Yahoo Finance
MU	TOP1markets	news.google.com	Micron Technology (MU) Stock Price Forecast: Buy The Dip Or Stay Away? - TOP1markets
MU	Barron's	news.google.com	Why Micron Stock Is on Pace for a Weekly Decline - Barron's
MU	Barron's	news.google.com	Micron Stock Has Reclaimed $1,000—What Comes Next - Barron's
MU	timothysykes.com	news.google.com	MU Stock Slides As Legal Fears And Chip Sell-Off Hit Momentum - timothysykes.com
MU	ChartMill	news.google.com	Micron Technology (NASDAQ:MU): Strong Growth Meets a High-Quality Technical Setup - ChartMill
MU	Yahoo Finance	news.google.com	Micron Technology Stock Finally Looks Like a Contrarian Opportunity - Yahoo Finance
MU	Yahoo Finance	news.google.com	This Is the Big Question With Micron Technology Stock - Yahoo Finance
MU	Yahoo Finance	news.google.com	What's Going On With Micron Technology Stock Friday? - Yahoo Finance
MU	Yahoo Finance	news.google.com	Prediction: If You Invest $10,000 in Micron Stock Today, It Will Be Worth This Much by 2030 - Yahoo Finance
MU	The Motley Fool	news.google.com	Micron Is 1.6 Points From Taking the No. 2 Spot in DRAM - The Motley Fool
MU	Yahoo Finance	news.google.com	Should You Buy Micron Technology Stock Below $920 per Share? Wall Street Thinks It's Heading to $1,500. - Yahoo Finance
MU	simplywall.st	news.google.com	Is AI Memory Shortage Altering The Investment Case For Micron Stock (MU)? - simplywall.st
MU	The Motley Fool	news.google.com	Prediction: Micron Stock Will Go Parabolic After Sept. 30 - The Motley Fool
MU	Yahoo Finance	news.google.com	Prediction: Micron Stock Will Reach $1,300 by the End of 2026 - Yahoo Finance
MU	Yahoo Finance	news.google.com	Micron Technology Stock Has Become A Bet On Memory Prices - Yahoo Finance
MU	StocksToTrade	news.google.com	MU Stock Slides As Legal Fight And Chip Selloff Rattle Traders - StocksToTrade
MU	The Motley Fool	news.google.com	Prediction: This Is What a $1,000 Investment in Micron Stock Will Be Worth by 2030 - The Motley Fool
MU	Yahoo Finance	news.google.com	Is Micron Technology Stock Outperforming the Nasdaq? - Yahoo Finance
MU	247wallst.com	news.google.com	Storage Stocks Slide as Profit Taking Follows Big Run: Seagate Falls 4%, SanDisk Drops 3%, Micron Holds Flat - 247wallst.com
MU	Yahoo Finance	news.google.com	Micron Technology Stock Is Plummeting, but Here's Why I'm Not Buying the Dip - Yahoo Finance
MU	simplywall.st	news.google.com	Micron Technology (MU) Faces A New Copper Squeeze As AI Data Centers Expand - simplywall.st
MU	Barron's	news.google.com	Why Micron Stock and Its Memory Peers Are Falling - Barron's
MU	Quiver Quantitative	news.google.com	Micron Technology Stock (MU) Opinions on Recent Earnings and Guidance - Quiver Quantitative
MU	investing.com	news.google.com	Why is Micron Technology stock sliding today? - investing.com
MU	Yahoo Finance	news.google.com	Has Micron Technology Stock Peaked? - Yahoo Finance
MU	ad-hoc-news.de	news.google.com	Micron Technology stock gains on Taiwan mega bonuses and looming Q4 earnings catalyst - ad-hoc-news.de
MU	The Motley Fool	news.google.com	Prediction: If You Invest $10,000 in Micron Stock Today, It Will Be Worth This Much by 2030 - The Motley Fool
MU	The Motley Fool	news.google.com	Micron Technology Has Fantastic News for Memory Stock Investors - The Motley Fool
MU	TradingKey	news.google.com	Micron Technology Inc Stock (MU) Opened Down by 3.13% on Sep 10: What Signal Does It Send? - TradingKey
MU	Barron's	news.google.com	Micron Stock Closes Above $1,000 After Key Move by Trump Administration - Barron's
MU	Yahoo Finance	news.google.com	Should You Buy Micron Technology Stock While It Trades Below $1,000? - Yahoo Finance
MU	trefis.com	news.google.com	Micron’s Biggest Risk Is Written In Its Construction Budget - trefis.com
MU	trefis.com	news.google.com	Is Wall Street Underestimating Micron Technology Stock's Potential? - trefis.com
MU	Yahoo Finance	news.google.com	Prediction: Micron Technology Stock Will Hit at Least $2,000 in 1 Year - Yahoo Finance
MU	Yahoo Finance	news.google.com	Is Micron Technology Stock Going to $1,500? The Bull Case Is Stronger Than You Think. - Yahoo Finance
MU	AOL.com	news.google.com	Why Micron Stock Just Sank - AOL.com
MU	Benzinga	news.google.com	What's Going On With Micron Technology Stock Tuesday? - Micron Technology (NASDAQ:MU) - Benzinga
MU	The Motley Fool	news.google.com	Not Nvidia, Not Palantir. This Might Be September's Most Important AI Infrastructure Stock. - The Motley Fool
MU	Quiver Quantitative	news.google.com	Micron Technology Stock (MU) Opinions on Q3 Earnings and AI Demand Strength | MU Stock News - Quiver Quantitative
MU	Barron's	news.google.com	Micron Stock Closes Back In on $1,000. How Far the Memory Chip Titan Could Go. - Barron's
MU	Yahoo Finance	news.google.com	Micron Technology Stock Surged On A Shortage The Company Had Already Described - Yahoo Finance
MU	The Motley Fool	news.google.com	Why Micron Stock Dropped This Morning - The Motley Fool
MU	Seeking Alpha	news.google.com	Micron: Don't Get Shaken Out (NASDAQ:MU) - Seeking Alpha
MU	thestreet.com	news.google.com	Finance giant sets aggressive Micron stock target after earnings - thestreet.com
MU	Yahoo Finance	news.google.com	Micron Nears $1,000 – And Apple Could Be The Next Catalyst - Yahoo Finance
MU	247wallst.com	news.google.com	Think It’s Too Late to Buy Micron? Here’s the Case for Getting In Now. - 247wallst.com
MU	Yahoo Finance	news.google.com	Why Micron Technology Stock Soared 304% in the First Half of 2026 and Why There Might Be More to Come - Yahoo Finance
MU	Yahoo Finance	news.google.com	Micron Technology Stock Is Falling. Should You Buy the Dip? - Yahoo Finance
MU	simplywall.st	news.google.com	Have Insiders Sold Micron Technology Shares Recently? - simplywall.st
MU	trefis.com	news.google.com	Why Did Micron Technology Stock Fall 8%? - trefis.com
MU	Yahoo Finance	news.google.com	Why Micron Technology Stock Rallied on Tuesday - Yahoo Finance
MU	Yahoo Finance	news.google.com	Prediction: Micron Technology Stock Is Going to $3,900 in 1 Year After Its Blowout Quarter - Yahoo Finance
MU	The Motley Fool	news.google.com	Billionaire Stanley Druckenmiller Has Sold Micron, Broadcom, and Intel. Here's the Biggest AI Chip Designer Left in His Portfolio. - The Motley Fool
MU	Yahoo Finance	news.google.com	Micron Technology (MU): 10 Best Future Stocks to Buy and Hold for 10 Years - Yahoo Finance
MU	Yahoo Finance	news.google.com	Why Micron Stock Plummeted 28.7% in July But Is Rebounding in August - Yahoo Finance
MU	Barron's	news.google.com	Is Micron a Commodity or an AI Powerhouse? The Debate Driving Its Low Valuation. - Barron's
MU	moomoo.com	news.google.com	Micron Technology, a standout stock, reported strong results but still fell short of sky-high market expectations, plunging nearly 8% in after-hours trading. - moomoo.com
MU	trefis.com	news.google.com	Has Micron Stock Finally Tamed Its Boom-and-Bust Cycle? - trefis.com
MU	Seeking Alpha	news.google.com	Micron Technology dips 6% amid semiconductor selloff (MU:NASDAQ) - Seeking Alpha
MU	Quiver Quantitative	news.google.com	Micron Technology Stock (MU) Opinions on Analyst Ratings and Trading Levels - Quiver Quantitative
MU	Barron's	news.google.com	Micron Stock: How Long-Term Contracts Cap Memory-Boom Upside - Barron's
MU	The Motley Fool	news.google.com	What's Wrong With Micron Technology Stock? - The Motley Fool
MU	Pluang	news.google.com	Micron stock hits a 662% gain but faces a sligh... - Pluang
MU	investing.com	news.google.com	Why is Micron Technology stock sliding today? - investing.com
MU	Yahoo Finance	news.google.com	Is Now the Ultimate Entry Point for Micron Technology Stock? - Yahoo Finance
MU	247wallst.com	news.google.com	This Stock Could Be a Major AI Winner Through 2027. What’s It Worth? - 247wallst.com
MU	The Motley Fool	news.google.com	Prediction: Micron Stock Could Go Parabolic After Aug. 26 - The Motley Fool
MU	The Motley Fool	news.google.com	This Is the Big Question With Micron Technology Stock - The Motley Fool
MU	Yahoo Finance	news.google.com	Why Micron Technology's Stock Could Fall After July 10 - Yahoo Finance
MU	Yahoo Finance	news.google.com	Can Investing in Micron Stock Make You a Millionaire? - Yahoo Finance
MU	TIKR.com	news.google.com	Micron Stock Soared 206% This Year, and DRAM Scarcity Is the Reason Why. Will It Keep Climbing in 2026? - TIKR.com
MU	The Motley Fool	news.google.com	Has Micron Technology Stock Peaked? - The Motley Fool
MU	The Motley Fool	news.google.com	Should You Buy Micron Technology Stock Below $920 per Share? Wall Street Thinks It's Heading to $1,500. - The Motley Fool
MU	The Motley Fool	news.google.com	Prediction: Micron Stock Will Reach $1,300 by the End of 2026 - The Motley Fool
MU	theglobeandmail.com	news.google.com	Micron Technology Stock Has Stumbled, but Here's Why I'm Not Buying the Dip - theglobeandmail.com
MU	Yahoo Finance	news.google.com	Can Micron Technology Stock Turn a $10,000 Investment Into $1 Million? - Yahoo Finance
===== BRK-B :: "Berkshire Hathaway" stock
===== HTTP 200
===== items in feed: 100
BRK-B	The Motley Fool	news.google.com	Warren Buffett Made Apple Berkshire Hathaway's Single Largest Stock Position: $10,000 Invested 10 Years Ago Would Be Worth Roughly $122,400 Today - The Motley Fool
BRK-B	simplywall.st	news.google.com	Berkshire Hathaway (BRK.B) Stock Could Be Below Fair Value Today - simplywall.st
BRK-B	Yahoo Finance	news.google.com	Berkshire Hathaway Has a New Top Holding, and It Dominates Its Market - Yahoo Finance
BRK-B	CNBC	news.google.com	Buffett remains active at 96, but Berkshire's shares aren't doing much - CNBC
BRK-B	US News Money	news.google.com	The Complete Berkshire Hathaway Portfolio | Investing - US News Money
BRK-B	The Motley Fool	news.google.com	Berkshire Hathaway Has Nearly 14% of Its $359 Billion Portfolio Invested in This Winning Stock That's Doubled in 5 Years - The Motley Fool
BRK-B	Yahoo Finance	news.google.com	Berkshire Hathaway Has Paid Exactly 1 Dividend Since 1965. Here's Where the Cash Goes Instead. - Yahoo Finance
BRK-B	CNBC	news.google.com	Buffett's confidence in troubled decade-old acquisition finally pays off - CNBC
BRK-B	Yahoo Finance	news.google.com	Greg Abel's Berkshire Hathaway Repurchased $4.5 Billion of Its Own Stock Last Quarter. Is This a Bullish Signal for Investors? - Yahoo Finance
BRK-B	The Motley Fool	news.google.com	Berkshire Hathaway Has Paid Exactly 1 Dividend Since 1965. Here's Where the Cash Goes Instead. - The Motley Fool
BRK-B	simplywall.st	news.google.com	Berkshire Hathaway (BRK.A) Stock Still Looks Below Fair Value Following Housing Push - simplywall.st
BRK-B	The Motley Fool	news.google.com	Greg Abel's Berkshire Hathaway Repurchased $4.5 Billion of Its Own Stock Last Quarter. Is This a Bullish Signal for Investors? - The Motley Fool
BRK-B	Yahoo Finance	news.google.com	Berkshire Hathaway (BRK.A) Could Be 21% Undervalued As Buybacks And Stock Buying Ramp Up - Yahoo Finance
BRK-B	Yahoo Finance	news.google.com	Investors Heavily Search Berkshire Hathaway Inc. (BRK.B): Here is What You Need to Know - Yahoo Finance
BRK-B	The Motley Fool	news.google.com	Berkshire Hathaway vs. Lemonade: Which Financial Stock Is a Better Buy in 2026? - The Motley Fool
BRK-B	The Motley Fool	news.google.com	Berkshire Hathaway Has a New Top Holding, and It Dominates Its Market - The Motley Fool
BRK-B	Yahoo Finance	news.google.com	Greg Abel Has 53.6% of Berkshire Hathaway's Stock Invested in These 4 Top Stocks - Yahoo Finance
BRK-B	Yahoo Finance	news.google.com	Where Will Berkshire Hathaway Stock Be in 5 Years? - Yahoo Finance
BRK-B	Yahoo Finance	news.google.com	Berkshire Hathaway (BRK.A) Stock Still Looks Cheap Relative To Fair Value - Yahoo Finance
BRK-B	The Motley Fool	news.google.com	Greg Abel Has 53.6% of Berkshire Hathaway's Stock Invested in These 4 Top Stocks - The Motley Fool
BRK-B	Yahoo Finance	news.google.com	Berkshire Hathaway Bought $10 Billion of Alphabet Straight From the Company, Bypassing the Open Market - Yahoo Finance
BRK-B	Seeking Alpha	news.google.com	Berkshire Hathaway: A New Double Compounding Cycle Starts (NYSE:BRK.A) - Seeking Alpha
BRK-B	CNBC	news.google.com	Berkshire adds $17 billion to Alphabet stake - CNBC
BRK-B	simplywall.st	news.google.com	What Does Berkshire Hathaway (BRK.B) Leadership Shift Mean After $82 Billion In Buybacks? - simplywall.st
BRK-B	Yahoo! Finance Canada	news.google.com	Greg Abel just spent US$20 billion at Berkshire Hathaway, ending 14 quarters of stock selling — Alphabet was the big bet - Yahoo! Finance Canada
BRK-B	The Motley Fool	news.google.com	3 Stocks Berkshire Hathaway Owns That I'd Buy Right Now, Including One It's Selling - The Motley Fool
BRK-B	The Motley Fool	news.google.com	Where Will Berkshire Hathaway Stock Be in 5 Years? - The Motley Fool
BRK-B	US News Money	news.google.com	Warren Buffett Successor Greg Abel's Top 5 Stock Picks in 2026 | Investing - US News Money
BRK-B	Barron's	news.google.com	Berkshire Hathaway (BRK.B) Stock Forecast: Buffett’s 96th Birthday and Abel’s Outlook - Barron's
BRK-B	Yahoo Finance	news.google.com	Berkshire Hathaway Rose While Every Major Chip Stock Fell Monday - Yahoo Finance
BRK-B	Morningstar	news.google.com	Berkshire Hathaway Earnings: Cash Balances Retreat on Increased Investments and Share Buybacks in Q2 - Morningstar
BRK-B	simplywall.st	news.google.com	Berkshire Hathaway (BRK.A) Could Be 19% Undervalued On The Precision Castparts Rethink - simplywall.st
BRK-B	Yahoo Finance	news.google.com	Berkshire Hathaway (BRK.A) Makes First Net Stock Move In 14 Quarters - Yahoo Finance
BRK-B	simplywall.st	news.google.com	Berkshire Hathaway (BRK.B) Could Be 36% Undervalued As It Puts Cash To Work - simplywall.st
BRK-B	CNBC	news.google.com	Berkshire Hathaway shares hit eight-month high - CNBC
BRK-B	Yahoo Finance	news.google.com	Berkshire Hathaway (BRK.B) Stock May Be A Bargain After AI Portfolio Shift - Yahoo Finance
BRK-B	Yahoo Finance	news.google.com	Is Berkshire Hathaway Stock a Buy as Warren Buffett Successor Greg Abel Starts to Deploy the Company's Cash Hoard? - Yahoo Finance
BRK-B	Yahoo Finance	news.google.com	Berkshire Hathaway (BRK.B) Stock Looks Undervalued On Fair Value And Earnings - Yahoo Finance
BRK-B	Seeking Alpha	news.google.com	Berkshire Hathaway: A Downside Protected Call Option And A Hedge To Bear Markets (BRK.B) - Seeking Alpha
BRK-B	Yahoo Finance	news.google.com	Berkshire Hathaway (BRK.A) Stock Looks Reasonable Even With Share Overhang - Yahoo Finance
BRK-B	The Motley Fool	news.google.com	Greg Abel Just Spent $23.5 Billion on 9 Stocks for Berkshire Hathaway. Here's the Best of the Bunch. - The Motley Fool
BRK-B	Quiver Quantitative	news.google.com	Berkshire Hathaway Stock (BRK.B) Opinions on Recent Earnings Beat and Buyback Resumption - Quiver Quantitative
BRK-B	Forbes	news.google.com	Here Is Berkshire Hathaway Stock's 2026 Outlook, According To Experts | September Edition - Forbes
BRK-B	Yahoo Finance	news.google.com	Berkshire Hathaway and Billionaire David Tepper Are Piling Into Alphabet Stock. Here Is Why the Tech Giant Is a Screaming Buy. - Yahoo Finance
BRK-B	Yahoo Finance	news.google.com	Berkshire Hathaway (BRK.A) Stock Looks Reasonable On Earnings But Cheap On Fair Value - Yahoo Finance
BRK-B	247wallst.com	news.google.com	Warren Buffett’s Portfolio Has Half Its Stock Money in Just 3 Names. Here Is What They Are - 247wallst.com
BRK-B	Yahoo Finance	news.google.com	Berkshire Hathaway (BRK.A) Stock After 1% Weekly Dip Is The Valuation Still Attractive - Yahoo Finance
BRK-B	Yahoo Finance	news.google.com	Warren Buffett's Berkshire Hathaway stock shows investors warming to Greg Abel's leadership - Yahoo Finance
BRK-B	Yahoo Finance	news.google.com	Berkshire Hathaway Stock Loses 3% in 6 Months: Should You Buy the Dip? - Yahoo Finance
BRK-B	Yahoo Finance	news.google.com	Berkshire Hathaway Stock: Is Wall Street Bullish or Bearish? - Yahoo Finance
BRK-B	Morningstar	news.google.com	What Stands Out Most About Berkshire Hathaway’s Latest Stock Purchases - Morningstar
BRK-B	The Motley Fool	news.google.com	Warren Buffett's Hand-Picked Successor, Greg Abel, has 68% of Berkshire Hathaway's Portfolio Invested in Just 5 Stocks. Here's My Top Pick for September. - The Motley Fool
BRK-B	Yahoo Finance	news.google.com	Berkshire Hathaway Just Gave Investors a Clue About When to Buy the Stock - Yahoo Finance
BRK-B	CNBC	news.google.com	Berkshire Hathaway gains ground, but still trails the S&amp;P 500 as '26 enters second half - CNBC
BRK-B	247wallst.com	news.google.com	Warren Buffett’s Portfolio Has Half Its Stock Money in Just 3 Names. Here Is What They Are. - 247wallst.com
BRK-B	Barron's	news.google.com	Berkshire Hathaway Stock Nears Record. Wall Street Liked Its Earnings Report. - Barron's
BRK-B	The Motley Fool	news.google.com	Berkshire Hathaway Just Bought More of This Brilliant Artificial Intelligence (AI) Stock - The Motley Fool
BRK-B	Yahoo Finance	news.google.com	Historically, Berkshire Hathaway Has Only Bought Back Stock Below Its Intrinsic Value. Here's How Investors Can Apply Warren Buffett's Discipline to Their Own Portfolios. - Yahoo Finance
BRK-B	simplywall.st	news.google.com	Berkshire Hathaway (BRK.A) Stock Still Looks Below Fair Value Today - simplywall.st
BRK-B	Yahoo Finance	news.google.com	The Berkshire Hathaway Stock Pick Flying Under the Radar in 2026 - Yahoo Finance
BRK-B	Yahoo Finance	news.google.com	Berkshire Hathaway Stock Lags Industry in 3 Months: Is it Still a Buy? - Yahoo Finance
BRK-B	Quiver Quantitative	news.google.com	Berkshire Hathaway Stock (BRK.B) Opinions on Q2 Earnings and Alphabet Investment | BRK.B Stock News - Quiver Quantitative
BRK-B	simplywall.st	news.google.com	Berkshire Hathaway (BRK.B) Stock Stays Cheap As Its 82% Five Year Run - simplywall.st
BRK-B	Investopedia	news.google.com	Berkshire Hathaway Boosted Its Alphabet Stake 83%—Buffett Said the Investment Was His Idea - Investopedia
BRK-B	Yahoo Finance	news.google.com	Berkshire Hathaway (BRK.B) Faces A Buffett Succession Test, Is The Stock Still Undervalued? - Yahoo Finance
BRK-B	Seeking Alpha	news.google.com	Alphabet Stock: A Berkshire Hathaway-Style Compounder Hiding In Plain Sight (NASDAQ:GOOG) - Seeking Alpha
BRK-B	The Motley Fool	news.google.com	Warren Buffett's Successor, Greg Abel, Has 82% of Berkshire's $360 Billion Portfolio Concentrated in 10 Superstar Stocks - The Motley Fool
BRK-B	Yahoo Finance	news.google.com	Berkshire Hathaway Just Did Something It Hasn’t Done in More Than 3 Years - Yahoo Finance
BRK-B	Reuters	news.google.com	Berkshire shares rise to highest since Abel replaced Buffett after stock buybacks, strong earnings - Reuters
BRK-B	Yahoo Finance	news.google.com	Berkshire Hathaway (BRK.B) Stock May Be Below Fair Value While Earnings Look Fair - Yahoo Finance
BRK-B	Morningstar	news.google.com	Berkshire Hathaway 13F: Purchases Outweighed Sales; Alphabet Most Traded in Q2 - Morningstar
BRK-B	Yahoo Finance	news.google.com	This Could Be Berkshire Hathaway CEO Greg Abel's Biggest Stock Purchase of the Second Quarter (Hint: Not Alphabet) - Yahoo Finance
BRK-B	247wallst.com	news.google.com	Alphabet Is Berkshire Hathaway’s New Favorite Stock After Buying 48 Million Shares - 247wallst.com
BRK-B	The Real Deal	news.google.com	Berkshire Hathaway’s housing bet deepens as it boosts Lennar stake to $1.2B - The Real Deal
BRK-B	Fortune	news.google.com	Berkshire Hathaway buys $10 billion in Alphabet stock and repurchases $4.5 billion in shares - Fortune
BRK-B	Yahoo Finance	news.google.com	Is Berkshire Hathaway (BRK.B) Still Attractive After Recent Flat Share Price Performance? - Yahoo Finance
BRK-B	Morningstar	news.google.com	Berkshire Hathaway Earnings: Cash Balances Retreat on Increased Investments and Share Buybacks in Q2 - Morningstar
BRK-B	Yahoo Finance	news.google.com	Berkshire Hathaway Has Been Selling. Here's the 1 Stock It's Still Buying. - Yahoo Finance
BRK-B	Yahoo Finance	news.google.com	Is Berkshire Hathaway Stock Underperforming the S&amp;P 500? - Yahoo Finance
BRK-B	Yahoo Finance	news.google.com	Could Investing $10,000 in Berkshire Hathaway Stock Make You a Millionaire? - Yahoo Finance
BRK-B	The Motley Fool	news.google.com	Berkshire Hathaway Hasn’t Done This in Over 3 Years - The Motley Fool
BRK-B	Yahoo Finance	news.google.com	Prediction: Greg Abel Will Continue Holding This Berkshire Hathaway Stock That Warren Buffett Backed for Decades - Yahoo Finance
BRK-B	Reuters	news.google.com	Alphabet becomes Berkshire Hathaway's third-largest investment - Reuters
BRK-B	Yahoo Finance	news.google.com	Is Berkshire Hathaway Inc. (BRK-B) A Good Stock To Buy Now? - Yahoo Finance
BRK-B	Yahoo Finance	news.google.com	Warren Buffett's Successor, Greg Abel, Just Ended Berkshire Hathaway's 14-Quarter Selling Streak. Is This the Screaming Buy Signal Investors Have Been Waiting For? - Yahoo Finance
BRK-B	theglobeandmail.com	news.google.com	Where Will Berkshire Hathaway Stock Be in 5 Years? - theglobeandmail.com
BRK-B	Yahoo Finance	news.google.com	Why Berkshire Hathaway Is Now My Favorite Stock for 2026 and Beyond - Yahoo Finance
BRK-B	CNBC	news.google.com	Berkshire Hathaway shares climb on earnings, putting cash pile to work - CNBC
BRK-B	Investor's Business Daily	news.google.com	BRKB Stock: Investors Are Starting To Look Past Warren Buffett - Investor's Business Daily
BRK-B	Morningstar	news.google.com	Berkshire Hathaway Earnings: Cash Hits Record $380 Billion on Stock Sales and Solid Q1 Results - Morningstar
BRK-B	CNBC	news.google.com	Berkshire Hathaway boosts Alphabet to a top three holding, ups Delta and housing bets - CNBC
BRK-B	Barron's	news.google.com	Berkshire Hathaway Earnings Preview: 3 Things to Watch That Might Move the Stock - Barron's
BRK-B	Morningstar	news.google.com	Berkshire Hathaway Earnings: Cash Hits Record $380 Billion on Stock Sales and Solid Q1 Results - Morningstar
BRK-B	Seeking Alpha	news.google.com	Why I'm Downgrading Berkshire Hathaway After A Strong-Looking Quarter - Seeking Alpha
BRK-B	Barron's	news.google.com	Berkshire Stock Rally Has Room to Run. Apple and Coke Are Driving Portfolio Gains. - Barron's
BRK-B	CNBC	news.google.com	Berkshire earnings rose last quarter and CEO Greg Abel is starting to deploy Buffett's massive cash hoard - CNBC
BRK-B	Barron's	news.google.com	Berkshire Hathaway’s CFO and General Counsel Buy Stock in the Open Market - Barron's
BRK-B	Yahoo Finance	news.google.com	Berkshire Hathaway Inc. (BRK.B) Is a Trending Stock: Facts to Know Before Betting on It - Yahoo Finance
BRK-B	qz.com	news.google.com	Berkshire Hathaway Q2 2026 earnings: Greg Abel deploys cash - qz.com
BRK-B	Yahoo Finance	news.google.com	Berkshire Hathaway (BRK-B): The Best Holding Company Stock to Invest In Now - Yahoo Finance
===== CYRX :: "CryoPort" stock
===== HTTP 200
===== items in feed: 53
CYRX	MarketBeat	news.google.com	Squarepoint Ops LLC Purchases 321,497 Shares of CryoPort, Inc. $CYRX - MarketBeat
CYRX	Yahoo Finance	news.google.com	Cryoport (CYRX) Stock Fair Value Rises After Analysts Lift Growth Assumptions - Yahoo Finance
CYRX	PR Newswire	news.google.com	Cryoport Reports First Quarter 2026 Financial Results - PR Newswire
CYRX	StockInvest.us	news.google.com	Cryoport Stock Price Forecast. Should You Buy CYRX? - StockInvest.us
CYRX	simplywall.st	news.google.com	Cryoport (CYRX) Stock Faces A Bigger Question Than Its EBITDA Milestone - simplywall.st
CYRX	moomoo.com	news.google.com	Should You Investigate Cryoport, Inc. (NASDAQ:CYRX) At US$16.31? - moomoo.com
CYRX	Finviz	news.google.com	CYRX - Finviz
CYRX	Quiver Quantitative	news.google.com	CRYOPORT ($CYRX) Releases Q2 2026 Earnings, Stock Rises | CYRX Stock News - Quiver Quantitative
CYRX	MarketBeat	news.google.com	Wellington Management Group LLP Acquires New Shares in CryoPort, Inc. $CYRX - MarketBeat
CYRX	Yahoo Finance	news.google.com	Cryoport (CYRX) Stock Fair Value Rises After Analysts Lift Targets On Growth Trends - Yahoo Finance
CYRX	simplywall.st	news.google.com	Senior VP Robert Stefanovich Sold A Bunch Of Shares In Cryoport - simplywall.st
CYRX	Yahoo Finance	news.google.com	CryoPort, Inc. (CYRX) Reports Q1 Loss, Tops Revenue Estimates - Yahoo Finance
CYRX	MarketBeat	news.google.com	Bank of New York Mellon Corp Purchases New Position in CryoPort, Inc. $CYRX - MarketBeat
CYRX	Yahoo Finance	news.google.com	Cryoport (CYRX) Stock Fair Value Rises After Analysts Revisit Bioservices Outlook - Yahoo Finance
CYRX	MarketBeat	news.google.com	Bank of America Corp DE Sells 113,104 Shares of CryoPort, Inc. $CYRX - MarketBeat
CYRX	Yahoo Finance	news.google.com	CryoPort, Inc. (CYRX) Reports Q2 Loss, Beats Revenue Estimates - Yahoo Finance
CYRX	MarketBeat	news.google.com	CryoPort (NASDAQ:CYRX) Share Price Passes Above 200 Day Moving Average - Should You Sell? - MarketBeat
CYRX	Yahoo Finance	news.google.com	CryoPort (CYRX) Upgraded to Buy: Here's Why - Yahoo Finance
CYRX	Yahoo Finance	news.google.com	Is It Too Late To Consider Buying Cryoport, Inc. (NASDAQ:CYRX)? - Yahoo Finance
CYRX	Yahoo Finance	news.google.com	How The Cryoport (CYRX) Story Is Shifting With Fresh Analyst Coverage And Valuation Tweaks - Yahoo Finance
CYRX	Stock Titan	news.google.com	Cryoport (CYRX) gets 13G/A update on Millennium-linked 3.4% stake - Stock Titan
CYRX	Quiver Quantitative	news.google.com	CRYOPORT ($CYRX) Releases Q1 2026 Earnings, Stock Rises - Quiver Quantitative
CYRX	Stock Titan	news.google.com	Cryoport (NASDAQ: CYRX) plans sale of 28,800 common shares - Stock Titan
CYRX	TradingView	news.google.com	CYRX Forecast — Price Target — Prediction for 2027 - TradingView
CYRX	Seeking Alpha	news.google.com	Cryoport: Moving Toward Commercial Scalability And Near-Term Breakeven (NASDAQ:CYRX) - Seeking Alpha
CYRX	Stock Titan	news.google.com	Cryoport (CYRX): Cadian Capital group reports 5.8% beneficial ownership stake - Stock Titan
CYRX	Stock Titan	news.google.com	Morgan Stanley (CYRX) updates Cryoport stake to about 4.5% in 13G/A filing - Stock Titan
CYRX	GuruFocus	news.google.com	CryoPort Inc (CYRX) Stock Down 4.8% but Still Overvalued -- GF Score: 68/100 - GuruFocus
CYRX	Stock Titan	news.google.com	Cryoport (CYRX) CEO Jerrell Shelton sells 28,800 shares under 10b5-1 plan - Stock Titan
CYRX	investing.com	news.google.com	Earnings call transcript: Cryoport posts q2 2026 profit milestone, shares rise after hours - investing.com
CYRX	theglobeandmail.com	news.google.com	Analysts Have Conflicting Sentiments on These Industrial Goods Companies: Redwire (RDW) and CryoPort (CYRX) - theglobeandmail.com
CYRX	Investing.com Canada	news.google.com	Cryoport president, CEO Shelton sells $429k in stock via 10b5-1 plan - Investing.com Canada
CYRX	theglobeandmail.com	news.google.com	Analysts Are Bullish on Top Industrial Goods Stocks: Equifax (EFX), CryoPort (CYRX) - theglobeandmail.com
CYRX	CNN	news.google.com	symbol__ Stock Quote Price and Forecast - CNN
CYRX	dars.gov.et	news.google.com	CryoPort Inc. (CYRX) Faces Selling Pressure as Shares Slip to $14.0; Key Support Levels in Focus - Technical Analysis - dars.gov.et
CYRX	vinanet.vn	news.google.com	CryoPort (CYRX) Slips 1.57% to $15.09: Key Support and Resistance Levels in Focus - Breakout Confirmation - vinanet.vn
CYRX	vinanet.vn	news.google.com	CYRX Q1 2026 Earnings: EPS Misses Estimates as Costs Weigh on Results; Stock Rises 2.29% - Operating Income Trends - vinanet.vn
CYRX	vinanet.vn	news.google.com	CryoPort (CYRX) Results Check: EPS Comes in Below Forecast under the Current Snapshot; Price Reaction: Shares Close 1.78% Higher for the Current Session - Tech Earnings Analysis - vinanet.vn
CYRX	vinanet.vn	news.google.com	CYRX Q2 2026 Earnings: EPS Slightly Misses Consensus, Shares Dip - Profitability Analysis - vinanet.vn
CYRX	dars.gov.et	news.google.com	CryoPort Inc. (CYRX) Faces Headwinds: Stock Drops 3.32% as Key Support Level Nears - Insider Sentiment - dars.gov.et
CYRX	PR Newswire	news.google.com	Blackstone Converts $51 million of Cryoport Series C Preferred Stock Into Common Stock - PR Newswire
CYRX	Zacks Investment Research	news.google.com	What is the current Price Target and Forecast for CryoPort (CYRX) - Zacks Investment Research
CYRX	MarketBeat	news.google.com	CryoPort (CYRX) Stock Forecast and Price Target 2026 - MarketBeat
CYRX	TradingView	news.google.com	CYRX Stock Price and Chart — NASDAQ:CYRX - TradingView
CYRX	TradingView	news.google.com	Free float of CryoPort, Inc. – NASDAQ:CYRX - TradingView
CYRX	TradingView	news.google.com	CryoPort, Inc. Earnings and Revenue – NASDAQ:CYRX - TradingView
CYRX	TradingView	news.google.com	CryoPort, Inc. Financial Statements – NASDAQ:CYRX - TradingView
CYRX	Barron's	news.google.com	Blackstone Just Invested $275 Million in Life Sciences Company Cryoport - Barron's
CYRX	MarketBeat	news.google.com	CryoPort (CYRX) Stock Price, News &amp; Analysis - MarketBeat
CYRX	MarketBeat	news.google.com	Top CryoPort (CYRX) Competitors 2026 - MarketBeat
CYRX	mhdsupplychain.com.au	news.google.com	DHL Group acquires CRYOPDP from Cryoport - mhdsupplychain.com.au
CYRX	MarketBeat	news.google.com	CryoPort (CYRX) Earnings Date and Reports 2026 - MarketBeat
CYRX	MarketBeat	news.google.com	CryoPort (CYRX) Institutional Ownership 2026 - MarketBeat
===== JPM :: "JPMorgan Chase" stock
===== HTTP 200
===== items in feed: 100
JPM	MarketBeat	news.google.com	Performance Wealth Partners LLC Boosts Stock Position in JPMorgan Chase &amp; Co. $JPM - MarketBeat
JPM	TipRanks	news.google.com	Chewy Stock (CHWY) Falls 5% on Downgrade from JPMorgan Chase - TipRanks
JPM	Yahoo Finance	news.google.com	Here is What to Know Beyond Why JPMorgan Chase &amp; Co. (JPM) is a Trending Stock - Yahoo Finance
JPM	webull.com	news.google.com	JPMorgan Chase (JPM) Stock Looks Reasonable On Earnings And Stretched On Price - webull.com
JPM	ad-hoc-news.de	news.google.com	JPMorgan Chase stock edges higher as investors digest strong recent results - ad-hoc-news.de
JPM	simplywall.st	news.google.com	JPMorgan Chase (JPM) Stock Looks Reasonable On Earnings And Stretched On Price - simplywall.st
JPM	StockStory	news.google.com	3 Reasons to Sell JPM and 1 Stock to Buy Instead - StockStory
JPM	The Motley Fool	news.google.com	JPMorgan Is About to Become the First $1 Trillion Bank. The Premium Is Riding on 1 Man. - The Motley Fool
JPM	MarketBeat	news.google.com	Commerzbank Aktiengesellschaft FI Has $160.13 Million Stock Position in JPMorgan Chase &amp; Co. $JPM - MarketBeat
JPM	Yahoo Finance	news.google.com	Is JPMorgan Chase &amp; Co. (JPM) a Buy as Wall Street Analysts Look Optimistic? - Yahoo Finance
JPM	simplywall.st	news.google.com	Will Rate Hike Expectations Change JPMorgan Stock Narrative - simplywall.st
JPM	MarketBeat	news.google.com	Pallas Capital Advisors LLC Boosts Stock Holdings in JPMorgan Chase &amp; Co. $JPM - MarketBeat
JPM	MarketBeat	news.google.com	OneDigital Investment Advisors LLC Has $37.90 Million Stock Position in JPMorgan Chase &amp; Co. $JPM - MarketBeat
JPM	MarketBeat	news.google.com	Trust Co. of Vermont Buys New Position in JPMorgan Chase &amp; Co. $JPM - MarketBeat
JPM	MarketBeat	news.google.com	JPMorgan Chase &amp; Co. $JPM Shares Sold by BlackRock Inc. - MarketBeat
JPM	MarketBeat	news.google.com	JPMorgan Chase &amp; Co. $JPM Shares Acquired by Mitsubishi UFJ Asset Management Co. Ltd. - MarketBeat
JPM	MarketBeat	news.google.com	JPMorgan Chase &amp; Co. $JPM Stock Position Lifted by Bank of New York Mellon Corp - MarketBeat
JPM	MarketBeat	news.google.com	Russell Investments Group Ltd. Grows Stock Position in JPMorgan Chase &amp; Co. $JPM - MarketBeat
JPM	MarketBeat	news.google.com	JPMorgan Chase &amp; Co. $JPM Shares Purchased by Trivium Point Advisory LLC - MarketBeat
JPM	Stock Titan	news.google.com	JPMorgan (NYSE: JPM) HR head lines up another 2,500-share sale - Stock Titan
JPM	Yahoo Finance	news.google.com	How Is JPMorgan Chase's Stock Performance Compared to Other Diversified Bank Stocks - Yahoo Finance
JPM	MarketBeat	news.google.com	JPMorgan Chase &amp; Co. $JPM Shares Sold by GSA Capital Partners LLP - MarketBeat
JPM	MarketBeat	news.google.com	JPMorgan Chase &amp; Co. $JPM Shares Bought by ABN AMRO Bank N.V. - MarketBeat
JPM	MarketBeat	news.google.com	Mitsubishi UFJ Trust &amp; Banking Corp Raises Stock Position in JPMorgan Chase &amp; Co. $JPM - MarketBeat
JPM	MarketBeat	news.google.com	Private Advisory Group LLC Increases Position in JPMorgan Chase &amp; Co. $JPM - MarketBeat
JPM	MarketBeat	news.google.com	JPMorgan Chase &amp; Co. $JPM is Wilkinson Global Asset Management LLC's 3rd Largest Position - MarketBeat
JPM	Yahoo Finance	news.google.com	JPMorgan Chase &amp; Co. (JPM) Stock Drops Despite Market Gains: Important Facts to Note - Yahoo Finance
JPM	MarketBeat	news.google.com	JPMorgan Chase &amp; Co. Reaffirms "Overweight" Rating for People Incorporated Common Stock (NASDAQ:PPLI) - MarketBeat
JPM	MarketBeat	news.google.com	Insider Selling: JPMorgan Chase &amp; Co. (NYSE:JPM) Insider Sells 2,500 Shares - MarketBeat
JPM	MarketBeat	news.google.com	Global Retirement Partners LLC Invests $41.86 Million in JPMorgan Chase &amp; Co. $JPM - MarketBeat
JPM	MarketBeat	news.google.com	39,817 Shares in JPMorgan Chase &amp; Co. $JPM Purchased by Bellars Harris Wealth Management LLC - MarketBeat
JPM	MarketBeat	news.google.com	Stoneridge Investment Partners LLC Has $2.12 Million Holdings in JPMorgan Chase &amp; Co. $JPM - MarketBeat
JPM	MarketBeat	news.google.com	Focus Partners Advisor Solutions LLC Acquires 4,684 Shares of JPMorgan Chase &amp; Co. $JPM - MarketBeat
JPM	MarketBeat	news.google.com	JPMorgan Chase &amp; Co. $JPM Shares Sold by Clearstead Trust LLC - MarketBeat
JPM	Seeking Alpha	news.google.com	JPMorgan Chase: Getting Paid 6.4% While Waiting For Lower Interest Rates (NYSE:JPM) - Seeking Alpha
JPM	MarketBeat	news.google.com	Cynosure Group LLC Has $206,000 Stock Position in JPMorgan Chase &amp; Co. $JPM - MarketBeat
JPM	Yahoo Finance	news.google.com	JPMorgan (JPM) Stock Trades At A Fair Earnings Premium With A 27% Intrinsic Discount - Yahoo Finance
JPM	MarketBeat	news.google.com	Herc (NYSE:HRI) Stock Rating Upgraded by JPMorgan Chase &amp; Co. - MarketBeat
JPM	MarketBeat	news.google.com	JPMorgan Chase &amp; Co. Forecasts Strong Price Appreciation for AeroVironment (NASDAQ:AVAV) Stock - MarketBeat
JPM	MarketBeat	news.google.com	JPMorgan Chase &amp; Co. $JPM Shares Sold by Walter Public Investments Inc. - MarketBeat
JPM	MarketBeat	news.google.com	JPMorgan Chase &amp; Co. (NYSE:JPM) Shares Down 1.5% - Time to Sell? - MarketBeat
JPM	MarketBeat	news.google.com	Ormat Technologies (NYSE:ORA) Stock Price Expected to Rise, JPMorgan Chase &amp; Co. Analyst Says - MarketBeat
JPM	MarketBeat	news.google.com	JPMorgan Chase &amp; Co. $JPM Shares Purchased by KBC Group NV - MarketBeat
JPM	Yahoo Finance	news.google.com	Elon Musk's Tesla vs. Jamie Dimon's JPMorgan Chase: Which Stock Has Performed Better Over the Past 5 Years? - Yahoo Finance
JPM	MarketBeat	news.google.com	2,876 Shares in JPMorgan Chase &amp; Co. $JPM Bought by Caitong International Asset Management Co. Ltd - MarketBeat
JPM	MarketBeat	news.google.com	SolarEdge Technologies (NASDAQ:SEDG) Price Target Raised to $44.00 at JPMorgan Chase &amp; Co. - MarketBeat
JPM	Kalkine Media	news.google.com	Why is JPMorgan Chase (NYSE:JPM) stock in focus today? - Kalkine Media
JPM	Bloomberg.com	news.google.com	JPMorgan’s Peters Says Yields at 5% Could Put Stocks at Risk - Bloomberg.com
JPM	MarketBeat	news.google.com	SK hynix (NASDAQ:SKHY) Coverage Initiated by Analysts at JPMorgan Chase &amp; Co. - MarketBeat
JPM	MarketBeat	news.google.com	Cenovus Energy (TSE:CVE) Stock Rating Upgraded by JPMorgan Chase &amp; Co. - MarketBeat
JPM	simplywall.st	news.google.com	Why Everyone Is Watching JPMorgan Chase (JPM) Today - simplywall.st
JPM	Financial Times	news.google.com	JPMorgan relaxes restrictions on borrowing against SpaceX shares - Financial Times
JPM	ad-hoc-news.de	news.google.com	JPMorgan Chase stock heads into the open after a market-wide decline - ad-hoc-news.de
JPM	simplywall.st	news.google.com	JPMorgan (JPM) Stock May Be 27% Undervalued Following Stablecoin Plans - simplywall.st
JPM	MarketBeat	news.google.com	71 West Capital Partners Purchases 7,285 Shares of JPMorgan Chase &amp; Co. $JPM - MarketBeat
JPM	Kalkine Media	news.google.com	What Is Putting JPMorgan Chase Stock in Focus? (NYSE:JPM) - Kalkine Media
JPM	ad-hoc-news.de	news.google.com	JPMorgan Chase stock steadies near a record high - ad-hoc-news.de
JPM	ad-hoc-news.de	news.google.com	JPMorgan Chase stock heads into the open after a 0.8% drop - ad-hoc-news.de
JPM	TradingView	news.google.com	REG - Trainline PLC JPMorgan Chase &amp; Co - Holding(s) in Company - TradingView
JPM	MarketBeat	news.google.com	Old Peak Finance LLC Increases Stock Position in JPMorgan Chase &amp; Co. $JPM - MarketBeat
JPM	MarketBeat	news.google.com	JPMorgan Chase &amp; Co. $JPM Shares Acquired by Todd Asset Management LLC - MarketBeat
JPM	Reuters	news.google.com	JPMorgan entity among two firms barred in India over alleged closing auction manipulation - Reuters
JPM	Investor's Business Daily	news.google.com	JPMorgan Chase: How To Limit Risk On A Stock That's Doing Well - Investor's Business Daily
JPM	MarketBeat	news.google.com	JPMorgan Chase &amp; Co. $JPM Stock Holdings Lifted by SmartHarvest Portfolios LLC - MarketBeat
JPM	MarketBeat	news.google.com	TD Asset Management Inc Lowers Stock Holdings in JPMorgan Chase &amp; Co. $JPM - MarketBeat
JPM	Yahoo Finance	news.google.com	Are Wall Street Analysts Bullish on JPMorgan Chase Stock? - Yahoo Finance
JPM	Yahoo Finance	news.google.com	Why JPMorgan Chase Stock Tumbled Today - Yahoo Finance
JPM	ad-hoc-news.de	news.google.com	JPMorgan Chase stock holds near $353 after strong results - ad-hoc-news.de
JPM	MarketBeat	news.google.com	Ethic Inc. Has $30.12 Million Stock Position in JPMorgan Chase &amp; Co. $JPM - MarketBeat
JPM	MarketBeat	news.google.com	JPMorgan Chase &amp; Co. $JPM Stock Holdings Lifted by New Republic Capital LLC - MarketBeat
JPM	Morningstar	news.google.com	One of Wall Street’s Highest-Quality Stocks Is Becoming More Interesting - Morningstar
JPM	MarketBeat	news.google.com	Torray Investment Partners LLC Cuts Stock Position in JPMorgan Chase &amp; Co. $JPM - MarketBeat
JPM	Yahoo Finance	news.google.com	JPMorgan Chase &amp; Co. (JPM) Up 5.3% Since Last Earnings Report: Can It Continue? - Yahoo Finance
JPM	MarketBeat	news.google.com	Milford Funds Ltd. Boosts Stock Holdings in JPMorgan Chase &amp; Co. $JPM - MarketBeat
JPM	Morningstar	news.google.com	JPMorgan Chase: One of Wall Street’s Highest-Quality Stocks Is Becoming More Interesting - Morningstar
JPM	Yahoo Finance	news.google.com	JPMorgan Chase (JPM) Stock Gets Fair Value Boost After Analysts Raise Targets - Yahoo Finance
JPM	MarketBeat	news.google.com	AIA Group Ltd Sells 59,346 Shares of JPMorgan Chase &amp; Co. $JPM - MarketBeat
JPM	simplywall.st	news.google.com	JPMorgan’s US$750 Billion American Dream Housing Push Might Change The Case For Investing In JPM (JPM) - simplywall.st
JPM	MarketBeat	news.google.com	JPMorgan Chase &amp; Co. $JPM Stock Holdings Boosted by Ascentis Wealth Management LLC - MarketBeat
JPM	MarketBeat	news.google.com	JPMorgan Chase &amp; Co. $JPM Shares Acquired by Tokio Marine Asset Management Co. Ltd. - MarketBeat
JPM	Yahoo Finance	news.google.com	JPMorgan Chase (JPM) Stock Looks Undervalued Even As Earnings Look Fair - Yahoo Finance
JPM	Reuters	news.google.com	Explainer: Why India's market regulator barred a JPMorgan entity from the country's securities market - Reuters
JPM	MarketBeat	news.google.com	Carnegie Investment Counsel Has $119.93 Million Stock Holdings in JPMorgan Chase &amp; Co. $JPM - MarketBeat
JPM	MarketBeat	news.google.com	JPMorgan Chase &amp; Co. (NYSE:JPM) Shares Down 1.1% - Should You Sell? - MarketBeat
JPM	Kiplinger	news.google.com	If You'd Put $1,000 Into JPMorgan Chase Stock 20 Years Ago, Here's What You'd Have Today - Kiplinger
JPM	MarketBeat	news.google.com	Assetmark Inc. Boosts Stock Holdings in JPMorgan Chase &amp; Co. $JPM - MarketBeat
JPM	Investor's Business Daily	news.google.com	JPMorgan Chase, Stock Of The Day, Rises In Buy Zone: Next AI Winner? - Investor's Business Daily
JPM	MarketBeat	news.google.com	Gateway Wealth Partners LLC Sells 6,215 Shares of JPMorgan Chase &amp; Co. $JPM - MarketBeat
JPM	MarketBeat	news.google.com	Meyer Handelman Co. Acquires 3,895 Shares of JPMorgan Chase &amp; Co. $JPM - MarketBeat
JPM	MarketBeat	news.google.com	Johnson Investment Counsel Inc. Increases Stock Holdings in JPMorgan Chase &amp; Co. $JPM - MarketBeat
JPM	MarketBeat	news.google.com	Calamos Advisors LLC Lowers Stock Holdings in JPMorgan Chase &amp; Co. $JPM - MarketBeat
JPM	MarketBeat	news.google.com	Ascentis Independent Advisors Cuts Stock Position in JPMorgan Chase &amp; Co. $JPM - MarketBeat
JPM	Yahoo Finance	news.google.com	JPMorgan Chase (JPM) Stock Looks Reasonable On A 166% Five Year Run - Yahoo Finance
JPM	MarketBeat	news.google.com	Solidarity Wealth LLC Sells 4,951 Shares of JPMorgan Chase &amp; Co. $JPM - MarketBeat
JPM	MarketBeat	news.google.com	JPMorgan Chase &amp; Co. $JPM Shares Acquired by Nicholson Wealth Management Group LLC - MarketBeat
JPM	MarketBeat	news.google.com	Oppenheimer Asset Management Inc. Buys 5,808 Shares of JPMorgan Chase &amp; Co. $JPM - MarketBeat
JPM	Benzinga	news.google.com	Here’s How Much You Would Have Made Owning JPMorgan Chase Stock In The Last 5 Years - Benzinga
JPM	Yahoo Finance	news.google.com	JPMorgan Chase (JPM) Stock Is Up, What You Need To Know - Yahoo Finance
JPM	MarketBeat	news.google.com	Summit Global Investments Sells 3,664 Shares of JPMorgan Chase &amp; Co. $JPM - MarketBeat
JPM	MarketBeat	news.google.com	Cheniere Energy Partners (NYSE:CQP) Stock Price Expected to Rise, JPMorgan Chase &amp; Co. Analyst Says - MarketBeat